{"trial_id": "00", "hyperparameters": {"space": [{"class_name": "Int", "config": {"name": "num_layers", "default": null, "conditions": [], "min_value": 2, "max_value": 5, "step": 1, "sampling": "linear"}}, {"class_name": "Int", "config": {"name": "units_0", "default": null, "conditions": [], "min_value": 32, "max_value": 512, "step": 32, "sampling": "linear"}}, {"class_name": "Choice", "config": {"name": "activation_0", "default": "relu", "conditions": [], "values": ["relu", "tanh", "sigmoid"], "ordered": false}}, {"class_name": "Float", "config": {"name": "dropout_0", "default": 0.0, "conditions": [], "min_value": 0.0, "max_value": 0.5, "step": 0.1, "sampling": "linear"}}, {"class_name": "Int", "config": {"name": "units_1", "default": null, "conditions": [], "min_value": 32, "max_value": 512, "step": 32, "sampling": "linear"}}, {"class_name": "Choice", "config": {"name": "activation_1", "default": "relu", "conditions": [], "values": ["relu", "tanh", "sigmoid"], "ordered": false}}, {"class_name": "Float", "config": {"name": "dropout_1", "default": 0.0, "conditions": [], "min_value": 0.0, "max_value": 0.5, "step": 0.1, "sampling": "linear"}}, {"class_name": "Float", "config": {"name": "learning_rate", "default": 0.0001, "conditions": [], "min_value": 0.0001, "max_value": 0.01, "step": null, "sampling": "log"}}], "values": {"num_layers": 2, "units_0": 320, "activation_0": "sigmoid", "dropout_0": 0.30000000000000004, "units_1": 384, "activation_1": "sigmoid", "dropout_1": 0.4, "learning_rate": 0.0043987977956599705}}, "metrics": {"metrics": {"loss": {"direction": "min", "observations": [{"value": [0.5793238282203674], "step": 6}]}, "accuracy": {"direction": "max", "observations": [{"value": [0.7622748017311096], "step": 6}]}, "val_loss": {"direction": "min", "observations": [{"value": [0.5699304938316345], "step": 6}]}, "val_accuracy": {"direction": "max", "observations": [{"value": [0.7711864113807678], "step": 6}]}}}, "score": 0.7711864113807678, "best_step": 6, "status": "COMPLETED", "message": null}