{"ongoing_trials": {}, "hyperparameters": {"space": [{"class_name": "Int", "config": {"name": "num_layers", "default": null, "conditions": [], "min_value": 2, "max_value": 5, "step": 1, "sampling": "linear"}}, {"class_name": "Int", "config": {"name": "units_0", "default": null, "conditions": [], "min_value": 32, "max_value": 512, "step": 32, "sampling": "linear"}}, {"class_name": "Choice", "config": {"name": "activation_0", "default": "relu", "conditions": [], "values": ["relu", "tanh", "sigmoid"], "ordered": false}}, {"class_name": "Float", "config": {"name": "dropout_0", "default": 0.0, "conditions": [], "min_value": 0.0, "max_value": 0.5, "step": 0.1, "sampling": "linear"}}, {"class_name": "Int", "config": {"name": "units_1", "default": null, "conditions": [], "min_value": 32, "max_value": 512, "step": 32, "sampling": "linear"}}, {"class_name": "Choice", "config": {"name": "activation_1", "default": "relu", "conditions": [], "values": ["relu", "tanh", "sigmoid"], "ordered": false}}, {"class_name": "Float", "config": {"name": "dropout_1", "default": 0.0, "conditions": [], "min_value": 0.0, "max_value": 0.5, "step": 0.1, "sampling": "linear"}}, {"class_name": "Float", "config": {"name": "learning_rate", "default": 0.0001, "conditions": [], "min_value": 0.0001, "max_value": 0.01, "step": null, "sampling": "log"}}, {"class_name": "Int", "config": {"name": "units_2", "default": null, "conditions": [], "min_value": 32, "max_value": 512, "step": 32, "sampling": "linear"}}, {"class_name": "Choice", "config": {"name": "activation_2", "default": "relu", "conditions": [], "values": ["relu", "tanh", "sigmoid"], "ordered": false}}, {"class_name": "Float", "config": {"name": "dropout_2", "default": 0.0, "conditions": [], "min_value": 0.0, "max_value": 0.5, "step": 0.1, "sampling": "linear"}}, {"class_name": "Int", "config": {"name": "units_3", "default": null, "conditions": [], "min_value": 32, "max_value": 512, "step": 32, "sampling": "linear"}}, {"class_name": "Choice", "config": {"name": "activation_3", "default": "relu", "conditions": [], "values": ["relu", "tanh", "sigmoid"], "ordered": false}}, {"class_name": "Float", "config": {"name": "dropout_3", "default": 0.0, "conditions": [], "min_value": 0.0, "max_value": 0.5, "step": 0.1, "sampling": "linear"}}, {"class_name": "Int", "config": {"name": "units_4", "default": null, "conditions": [], "min_value": 32, "max_value": 512, "step": 32, "sampling": "linear"}}, {"class_name": "Choice", "config": {"name": "activation_4", "default": "relu", "conditions": [], "values": ["relu", "tanh", "sigmoid"], "ordered": false}}, {"class_name": "Float", "config": {"name": "dropout_4", "default": 0.0, "conditions": [], "min_value": 0.0, "max_value": 0.5, "step": 0.1, "sampling": "linear"}}], "values": {"num_layers": 2, "units_0": 32, "activation_0": "relu", "dropout_0": 0.0, "units_1": 32, "activation_1": "relu", "dropout_1": 0.0, "learning_rate": 0.0001, "units_2": 32, "activation_2": "relu", "dropout_2": 0.0, "units_3": 32, "activation_3": "relu", "dropout_3": 0.0, "units_4": 32, "activation_4": "relu", "dropout_4": 0.0}}, "start_order": ["00", "01", "02", "03", "04", "05", "06", "07", "08", "09"], "end_order": ["00", "01", "02", "03", "04", "05", "06", "07", "08", "09"], "run_times": {"00": 1, "01": 1, "02": 1, "03": 1, "04": 1, "05": 1, "06": 1, "07": 1, "08": 1, "09": 1}, "retry_queue": [], "seed": 7170, "seed_state": 7304, "tried_so_far": ["5c1bb44c3dd2410d9c57ea9502063fcc", "4f6d5f7b8af98c85f7865be8d86a83fc", "19fabe43688649f5f21147ecf6cec70e", "01beb53ab4d0e56f04d56f872aa887c2", "bdae4b38480863b7a0d0eba4fbf3fb7c", "d2e9bb097ee344e3a7a28b462c52c8c7", "4e86e208237c7ff7242811e5fa5ee6cf", "ee8bf1bc49d0e2acb7c366302bbf9fbf", "8cb6d91d3d6a05570577b9e41b438789", "de2e0a8b9e8e5540f3a780a032916d0a"], "id_to_hash": {"00": "de2e0a8b9e8e5540f3a780a032916d0a", "01": "4f6d5f7b8af98c85f7865be8d86a83fc", "02": "19fabe43688649f5f21147ecf6cec70e", "03": "4e86e208237c7ff7242811e5fa5ee6cf", "04": "8cb6d91d3d6a05570577b9e41b438789", "05": "bdae4b38480863b7a0d0eba4fbf3fb7c", "06": "d2e9bb097ee344e3a7a28b462c52c8c7", "07": "01beb53ab4d0e56f04d56f872aa887c2", "08": "5c1bb44c3dd2410d9c57ea9502063fcc", "09": "ee8bf1bc49d0e2acb7c366302bbf9fbf"}, "display": {"search_start": "2024-02-24T15:20:27.775379", "trial_start": {"00": "2024-02-24T15:20:27.775379", "01": "2024-02-24T15:20:31.371429", "02": "2024-02-24T15:20:33.434240", "03": "2024-02-24T15:20:35.847814", "04": "2024-02-24T15:20:40.262229", "05": "2024-02-24T15:20:44.965757", "06": "2024-02-24T15:20:50.385369", "07": "2024-02-24T15:20:53.946825", "08": "2024-02-24T15:21:01.491843", "09": "2024-02-24T15:21:05.591516"}, "trial_number": {"00": 1, "01": 2, "02": 3, "03": 4, "04": 5, "05": 6, "06": 7, "07": 8, "08": 9, "09": 10}}}